Silver Spring VFD,39.009000,-77.042100
Takoma Park VFD,38.977600,-77.007200
Rockville VFD,39.087600,-77.150900
Sandy Spring VFD,39.150600,-77.027200
Kensington VFD ,39.030000,-77.076200
Bethesda FD,38.976700,-77.091000
Gaithersburg-Washington Grove VFD,39.155100,-77.209500
Hyattstown VFD,39.280100,-77.314700
Cabin John Park VFD,38.994872,-77.163914
Glen Echo FD,38.962900,-77.121000
Hillandale VFD,39.030134,-76.983214
Damascus VFD,39.289218,-77.204945
Upper Montgomery County VFD,39.180212,-77.411610
Burtonsville VFD,39.085126,-76.951443
Silver Spring VFD - Four Corners,39.009078,-77.042116
Laytonsville VFD,39.207048,-77.141822
Silver Spring VFD - Montgomery Hills,39.030125,-76.983211
Kensington VFD - Parkland,39.030042,-77.076236
MCFRS Kingsview Station,39.161733,-77.284024
Rockville VFD - Twinbrook,39.059091,-77.122990
Hillandale VFD - Colesville,39.072995,-77.003209
Kensington VFD - Aspen Hill,39.092208,-77.069117
Gaithersburg-Washington Grove VFD - Derwood,39.021098,-77.137655
Germantown VFD,39.185174,-77.263305
Cabin John Park VFD - Potomac,38.994947,-77.163922
Rockville VFD - Darnestown,39.087699,-77.150842
Travilah (MCFRS),39.094022,-77.196881
Rockville VFD - Potomac,39.087647,-77.150855
Milestone (MCFRS),39.194815,-77.244684
Clarksburg (MCFRS),39.232428,-77.281265
Sandy Spring VFD - Olney,39.134043,-77.069235
Bethesda-Chevy Chase Rescue Squad,38.990608,-77.102669
Wheaton Volunteer Rescue Squad,39.046788,-77.051446
Walter Reed National Military Medical Center FD (federal),39.001588,-77.093873
National Institutes of Health FD (federal),39.002804,-77.104494
Naval Surface Warfare Center FD (federal),38.962935,-77.120964
National Institute of Standards and Technology FD (federal),38.962931,-77.120960
Fort Detrick FD - Forest Glen Annex (federal),39.005980,-77.052706
